[
  {
    "name": "Rica"
  },
  {
    "name": "Honey Wax"
  },
  {
    "name": "O3+"
  },
  {
    "name": "Cheryl's"
  },
  {
    "name": "Matrix"
  },
  {
    "name": "International Multi Brands"
  },
  {
    "name": "Krylon"
  },
  {
    "name": "Derma"
  },
  {
    "name": "SeaSoul"
  },
  {
    "name": "Dr Rahul Phate"
  },
  {
    "name": "Stayve"
  },
  {
    "name": "SSCPL"
  },
  {
    "name": "Cetaphil"
  },
  {
    "name": "Loreal"
  },
  {
    "name": "Sara"
  },
  {
    "name": "Ozone"
  },
  {
    "name": "Depileve"
  },
  {
    "name": "Beauty"
  },
  {
    "name": "Delan"
  },
  {
    "name": "Matrix"
  },
  {
    "name": "Loreal"
  },
  {
    "name": "Floractive"
  },
  {
    "name": "Brazil Cocoa"
  },
  {
    "name": "MoeHair"
  }
]
