[
  {
    "id": 1,
    "serviceName": "Eyebrow shaping",
    "duration": "15",
    "price": "50",
    "mainServiceId": 1,
    "type": "convincing/frequent",
    "isChecked": false
  },
  {
    "id":  2,
    "serviceName": "Upper lips",
    "duration": "15",
    "price": "15",
    "mainServiceId": 1,
    "type": "convincing/frequent",
    "isChecked": false
  },
  {
    "id":  3,
    "serviceName": "Chin",
    "duration": "15",
    "price": "15",
    "mainServiceId": 1,
    "type": "convincing/frequent",
    "isChecked": false
  },
  {
    "id":  4,
    "serviceName": "Forehead",
    "duration": "15",
    "price": "15",
    "mainServiceId": 1,
    "type": "convincing/frequent",
    "isChecked": false
  },
  {
    "id":  5,
    "serviceName": "Jawline",
    "duration": "15",
    "price": "30",
    "mainServiceId": 1,
    "type": "convincing/frequent",
    "isChecked": false
  },
  {
    "id":  6,
    "serviceName": "Face - Eyebrows Waxing",
    "duration": "15",
    "price": "90",
    "mainServiceId": 2,
    "type": "convincing/frequent",
    "isChecked": false
  },
  {
    "id":  7,
    "serviceName": "Face - Upperlips Waxing",
    "duration": "15",
    "price": "50",
    "mainServiceId": 2,
    "type": "convincing/frequent",
    "isChecked": false
  },
  {
    "id":  8,
    "serviceName": "Face - Forehead Waxing",
    "duration": "15",
    "price": "50",
    "mainServiceId": 2,
    "type": "convincing/frequent",
    "isChecked": false
  },
  {
    "id":  9,
    "serviceName": "Face - Jawline Waxing",
    "duration": "15",
    "price": "150",
    "mainServiceId": 2,
    "type": "convincing/frequent",
    "isChecked": false
  },
  {
    "id":  10,
    "serviceName": "Face - Sidelocks Waxing",
    "duration": "15",
    "price": "100",
    "mainServiceId": 2,
    "type": "convincing/frequent",
    "isChecked": false
  },
  {
    "id":  11,
    "serviceName": "Face - Full face Waxing",
    "duration": "15",
    "price": "250",
    "mainServiceId": 2,
    "type": "convincing/frequent",
    "isChecked": false
  },
  {
    "id":  12,
    "serviceName": "Full hands Waxing",
    "duration": "15",
    "price": "180",
    "mainServiceId": 2,
    "type": "convincing/frequent",
    "isChecked": false
  },
  {
    "id":  13,
    "serviceName": "Under arms Waxing",
    "duration": "15",
    "price": "50",
    "mainServiceId": 2,
    "type": "convincing/frequent",
    "isChecked": false
  },
  {
    "id":  14,
    "serviceName": "Half legs",
    "duration": "15",
    "price": "180",
    "mainServiceId": 2,
    "type": "convincing/frequent",
    "isChecked": false
  },
  {
    "id":  15,
    "serviceName": "Full legs",
    "duration": "15",
    "price": "350",
    "mainServiceId": 2,
    "type": "convincing/frequent",
    "isChecked": false
  },
  {
    "id":  16,
    "serviceName": "Bikini wax",
    "duration": "15",
    "price": "750",
    "mainServiceId": 2,
    "type": "convincing/frequent",
    "isChecked": false
  }
]
